{
    "variants": {
        "type=0,visible=true": { "model": "reccomplex:generic_space_0" },
        "type=1,visible=true": { "model": "reccomplex:generic_space_1" },
        "type=2,visible=true": { "model": "reccomplex:generic_space_2" },
        "type=3,visible=true": { "model": "reccomplex:generic_space_3" },
        "type=4,visible=true": { "model": "reccomplex:generic_space_4" },
        "type=5,visible=true": { "model": "reccomplex:generic_space_5" },
        "type=6,visible=true": { "model": "reccomplex:generic_space_6" },
        "type=7,visible=true": { "model": "reccomplex:generic_space_7" },
        "type=8,visible=true": { "model": "reccomplex:generic_space_8" },
        "type=9,visible=true": { "model": "reccomplex:generic_space_9" },
        "type=10,visible=true": { "model": "reccomplex:generic_space_10" },
        "type=11,visible=true": { "model": "reccomplex:generic_space_11" },
        "type=12,visible=true": { "model": "reccomplex:generic_space_12" },
        "type=13,visible=true": { "model": "reccomplex:generic_space_13" },
        "type=14,visible=true": { "model": "reccomplex:generic_space_14" },
        "type=15,visible=true": { "model": "reccomplex:generic_space_15" },
        "type=0,visible=false": { "model": "reccomplex:generic_space_invisible" },
        "type=1,visible=false": { "model": "reccomplex:generic_space_invisible" },
        "type=2,visible=false": { "model": "reccomplex:generic_space_invisible" },
        "type=3,visible=false": { "model": "reccomplex:generic_space_invisible" },
        "type=4,visible=false": { "model": "reccomplex:generic_space_invisible" },
        "type=5,visible=false": { "model": "reccomplex:generic_space_invisible" },
        "type=6,visible=false": { "model": "reccomplex:generic_space_invisible" },
        "type=7,visible=false": { "model": "reccomplex:generic_space_invisible" },
        "type=8,visible=false": { "model": "reccomplex:generic_space_invisible" },
        "type=9,visible=false": { "model": "reccomplex:generic_space_invisible" },
        "type=10,visible=false": { "model": "reccomplex:generic_space_invisible" },
        "type=11,visible=false": { "model": "reccomplex:generic_space_invisible" },
        "type=12,visible=false": { "model": "reccomplex:generic_space_invisible" },
        "type=13,visible=false": { "model": "reccomplex:generic_space_invisible" },
        "type=14,visible=false": { "model": "reccomplex:generic_space_invisible" },
        "type=15,visible=false": { "model": "reccomplex:generic_space_invisible" }
    }

}
