{
    "variants": {
        "type=0": { "model": "reccomplex:generic_solid_0" },
        "type=1":  { "model": "reccomplex:generic_solid_1" },
        "type=2": { "model": "reccomplex:generic_solid_2" },
        "type=3":  { "model": "reccomplex:generic_solid_3" },
        "type=4": { "model": "reccomplex:generic_solid_4" },
        "type=5":  { "model": "reccomplex:generic_solid_5" },
        "type=6": { "model": "reccomplex:generic_solid_6" },
        "type=7":  { "model": "reccomplex:generic_solid_7" },
        "type=8": { "model": "reccomplex:generic_solid_8" },
        "type=9":  { "model": "reccomplex:generic_solid_9" },
        "type=10": { "model": "reccomplex:generic_solid_10" },
        "type=11":  { "model": "reccomplex:generic_solid_11" },
        "type=12": { "model": "reccomplex:generic_solid_12" },
        "type=13":  { "model": "reccomplex:generic_solid_13" },
        "type=14": { "model": "reccomplex:generic_solid_14" },
        "type=15":  { "model": "reccomplex:generic_solid_15" }
    }

}
